id,feedback
1,"Ordered headphones on 12 Sept, order #H9921. One earbud is dead on arrival and support hasn't answered my 3 emails. Refund me or I'm calling my bank."
2,"Absolutely love the new UI. Checkout is so much faster now. Great work team!"
3,"I was charged twice for my Premium subscription this month (Rs. 499 x2). Please fix this."
4,"The app crashes every time I open Settings on my Pixel 8. Been like this since the last update."
5,"Delivery to Jaipur took 11 days instead of the promised 3. Package was fine though."
6,"Would be nice to have an export-to-PDF option for reports."
7,"Customer care agent Priya was very patient and solved my login problem in minutes. Thank you!"
8,"The product is okay I guess. Nothing special, nothing wrong either."
9,"Food delivery app showed my order as delivered but I never received it. Rider's phone is switched off. I'm hungry and angry."
10,"asdf qwerty buy cheap watches www.spam.example"
